clusters,seconds
1,0.0990960597992
21,0.451192140579
41,1.21603894234
61,1.52518510818
81,1.03918004036
101,2.00510883331
121,0.787599086761
141,0.845064163208
161,4.16603899002
181,0.8874771595
