clusters,seconds
1,0.351218938828
101,32.3549940586
201,52.2878940105
301,74.6891422272
401,110.239812136
501,118.364296913
